DATAFLOW,LAST UPDATE,freq,unit,tra_meas,geo,TIME_PERIOD,OBS_VALUE,OBS_FLAG
ESTAT:AVIA_PANC(1.0),10/10/24 23:00:00,M,PAS,PAS_CRD,DE,2002-01,1499169,
ESTAT:AVIA_PANC(1.0),10/10/24 23:00:00,M,PAS,PAS_CRD,DE,2002-02,1559125,
ESTAT:AVIA_PANC(1.0),10/10/24 23:00:00,M,PAS,PAS_CRD,DE,2002-03,1721969,
ESTAT:AVIA_PANC(1.0),10/10/24 23:00:00,M,PAS,PAS_CRD,DE,2002-04,1744335,
ESTAT:AVIA_PANC(1.0),10/10/24 23:00:00,M,PAS,PAS_CRD,DE,2002-05,1651650,
ESTAT:AVIA_PANC(1.0),10/10/24 23:00:00,M,PAS,PAS_CRD,DE,2002-06,1719081,
ESTAT:AVIA_PANC(1.0),10/10/24 23:00:00,M,PAS,PAS_CRD,DE,2002-07,1642663,
ESTAT:AVIA_PANC(1.0),10/10/24 23:00:00,M,PAS,PAS_CRD,DE,2002-08,1577418,
ESTAT:AVIA_PANC(1.0),10/10/24 23:00:00,M,PAS,PAS_CRD,DE,2002-09,1822280,
ESTAT:AVIA_PANC(1.0),10/10/24 23:00:00,M,PAS,PAS_CRD,DE,2002-10,1850677,
ESTAT:AVIA_PANC(1.0),10/10/24 23:00:00,M,PAS,PAS_CRD,DE,2002-11,1886912,
ESTAT:AVIA_PANC(1.0),10/10/24 23:00:00,M,PAS,PAS_CRD,DE,2002-12,1726865,
ESTAT:AVIA_PANC(1.0),10/10/24 23:00:00,M,PAS,PAS_CRD,DE,2003-01,1774975,
ESTAT:AVIA_PANC(1.0),10/10/24 23:00:00,M,PAS,PAS_CRD,DE,2003-02,1784979,
ESTAT:AVIA_PANC(1.0),10/10/24 23:00:00,M,PAS,PAS_CRD,DE,2003-03,1901123,
ESTAT:AVIA_PANC(1.0),10/10/24 23:00:00,M,PAS,PAS_CRD,DE,2003-04,1753139,
ESTAT:AVIA_PANC(1.0),10/10/24 23:00:00,M,PAS,PAS_CRD,DE,2003-05,1823000,
ESTAT:AVIA_PANC(1.0),10/10/24 23:00:00,M,PAS,PAS_CRD,DE,2003-06,1705747,
ESTAT:AVIA_PANC(1.0),10/10/24 23:00:00,M,PAS,PAS_CRD,DE,2003-07,1724654,
ESTAT:AVIA_PANC(1.0),10/10/24 23:00:00,M,PAS,PAS_CRD,DE,2003-08,1494747,
ESTAT:AVIA_PANC(1.0),10/10/24 23:00:00,M,PAS,PAS_CRD,DE,2003-09,1823278,
ESTAT:AVIA_PANC(1.0),10/10/24 23:00:00,M,PAS,PAS_CRD,DE,2003-10,1857914,
ESTAT:AVIA_PANC(1.0),10/10/24 23:00:00,M,PAS,PAS_CRD,DE,2003-11,1905019,
ESTAT:AVIA_PANC(1.0),10/10/24 23:00:00,M,PAS,PAS_CRD,DE,2003-12,1690185,
ESTAT:AVIA_PANC(1.0),10/10/24 23:00:00,M,PAS,PAS_CRD,DE,2004-01,1632977,
ESTAT:AVIA_PANC(1.0),10/10/24 23:00:00,M,PAS,PAS_CRD,DE,2004-02,1709934,
ESTAT:AVIA_PANC(1.0),10/10/24 23:00:00,M,PAS,PAS_CRD,DE,2004-03,2021252,
ESTAT:AVIA_PANC(1.0),10/10/24 23:00:00,M,PAS,PAS_CRD,DE,2004-04,1741180,
ESTAT:AVIA_PANC(1.0),10/10/24 23:00:00,M,PAS,PAS_CRD,DE,2004-05,1775937,
ESTAT:AVIA_PANC(1.0),10/10/24 23:00:00,M,PAS,PAS_CRD,DE,2004-06,1749820,
ESTAT:AVIA_PANC(1.0),10/10/24 23:00:00,M,PAS,PAS_CRD,DE,2004-07,1726739,
ESTAT:AVIA_PANC(1.0),10/10/24 23:00:00,M,PAS,PAS_CRD,DE,2004-08,1594485,
ESTAT:AVIA_PANC(1.0),10/10/24 23:00:00,M,PAS,PAS_CRD,DE,2004-09,1909978,
ESTAT:AVIA_PANC(1.0),10/10/24 23:00:00,M,PAS,PAS_CRD,DE,2004-10,1907069,
ESTAT:AVIA_PANC(1.0),10/10/24 23:00:00,M,PAS,PAS_CRD,DE,2004-11,1964733,
ESTAT:AVIA_PANC(1.0),10/10/24 23:00:00,M,PAS,PAS_CRD,DE,2004-12,1710492,
ESTAT:AVIA_PANC(1.0),10/10/24 23:00:00,M,PAS,PAS_CRD,DE,2005-01,1632879,
ESTAT:AVIA_PANC(1.0),10/10/24 23:00:00,M,PAS,PAS_CRD,DE,2005-02,1681407,
ESTAT:AVIA_PANC(1.0),10/10/24 23:00:00,M,PAS,PAS_CRD,DE,2005-03,1871750,
ESTAT:AVIA_PANC(1.0),10/10/24 23:00:00,M,PAS,PAS_CRD,DE,2005-04,1967875,
ESTAT:AVIA_PANC(1.0),10/10/24 23:00:00,M,PAS,PAS_CRD,DE,2005-05,1757672,
ESTAT:AVIA_PANC(1.0),10/10/24 23:00:00,M,PAS,PAS_CRD,DE,2005-06,1911892,
ESTAT:AVIA_PANC(1.0),10/10/24 23:00:00,M,PAS,PAS_CRD,DE,2005-07,1724943,
ESTAT:AVIA_PANC(1.0),10/10/24 23:00:00,M,PAS,PAS_CRD,DE,2005-08,1658253,
ESTAT:AVIA_PANC(1.0),10/10/24 23:00:00,M,PAS,PAS_CRD,DE,2005-09,1990532,
ESTAT:AVIA_PANC(1.0),10/10/24 23:00:00,M,PAS,PAS_CRD,DE,2005-10,1905021,
ESTAT:AVIA_PANC(1.0),10/10/24 23:00:00,M,PAS,PAS_CRD,DE,2005-11,2060152,
ESTAT:AVIA_PANC(1.0),10/10/24 23:00:00,M,PAS,PAS_CRD,DE,2005-12,1863812,
ESTAT:AVIA_PANC(1.0),10/10/24 23:00:00,M,PAS,PAS_CRD,DE,2006-01,1760465,
ESTAT:AVIA_PANC(1.0),10/10/24 23:00:00,M,PAS,PAS_CRD,DE,2006-02,1791168,
ESTAT:AVIA_PANC(1.0),10/10/24 23:00:00,M,PAS,PAS_CRD,DE,2006-03,2092639,
ESTAT:AVIA_PANC(1.0),10/10/24 23:00:00,M,PAS,PAS_CRD,DE,2006-04,1859009,
ESTAT:AVIA_PANC(1.0),10/10/24 23:00:00,M,PAS,PAS_CRD,DE,2006-05,2008063,
ESTAT:AVIA_PANC(1.0),10/10/24 23:00:00,M,PAS,PAS_CRD,DE,2006-06,1863969,
ESTAT:AVIA_PANC(1.0),10/10/24 23:00:00,M,PAS,PAS_CRD,DE,2006-07,1815283,
ESTAT:AVIA_PANC(1.0),10/10/24 23:00:00,M,PAS,PAS_CRD,DE,2006-08,1689365,
ESTAT:AVIA_PANC(1.0),10/10/24 23:00:00,M,PAS,PAS_CRD,DE,2006-09,2036365,
ESTAT:AVIA_PANC(1.0),10/10/24 23:00:00,M,PAS,PAS_CRD,DE,2006-10,1978613,
ESTAT:AVIA_PANC(1.0),10/10/24 23:00:00,M,PAS,PAS_CRD,DE,2006-11,2061958,
ESTAT:AVIA_PANC(1.0),10/10/24 23:00:00,M,PAS,PAS_CRD,DE,2006-12,1810535,
ESTAT:AVIA_PANC(1.0),10/10/24 23:00:00,M,PAS,PAS_CRD,DE,2007-01,1760862,
ESTAT:AVIA_PANC(1.0),10/10/24 23:00:00,M,PAS,PAS_CRD,DE,2007-02,1806549,
ESTAT:AVIA_PANC(1.0),10/10/24 23:00:00,M,PAS,PAS_CRD,DE,2007-03,2166126,
ESTAT:AVIA_PANC(1.0),10/10/24 23:00:00,M,PAS,PAS_CRD,DE,2007-04,1924013,
ESTAT:AVIA_PANC(1.0),10/10/24 23:00:00,M,PAS,PAS_CRD,DE,2007-05,2065101,
ESTAT:AVIA_PANC(1.0),10/10/24 23:00:00,M,PAS,PAS_CRD,DE,2007-06,1997456,
ESTAT:AVIA_PANC(1.0),10/10/24 23:00:00,M,PAS,PAS_CRD,DE,2007-07,1990469,
ESTAT:AVIA_PANC(1.0),10/10/24 23:00:00,M,PAS,PAS_CRD,DE,2007-08,1912375,
ESTAT:AVIA_PANC(1.0),10/10/24 23:00:00,M,PAS,PAS_CRD,DE,2007-09,2183708,
ESTAT:AVIA_PANC(1.0),10/10/24 23:00:00,M,PAS,PAS_CRD,DE,2007-10,2283405,
ESTAT:AVIA_PANC(1.0),10/10/24 23:00:00,M,PAS,PAS_CRD,DE,2007-11,2299394,
ESTAT:AVIA_PANC(1.0),10/10/24 23:00:00,M,PAS,PAS_CRD,DE,2007-12,1929313,
ESTAT:AVIA_PANC(1.0),10/10/24 23:00:00,M,PAS,PAS_CRD,DE,2008-01,1897379,
ESTAT:AVIA_PANC(1.0),10/10/24 23:00:00,M,PAS,PAS_CRD,DE,2008-02,2039343,
ESTAT:AVIA_PANC(1.0),10/10/24 23:00:00,M,PAS,PAS_CRD,DE,2008-03,2015530,
ESTAT:AVIA_PANC(1.0),10/10/24 23:00:00,M,PAS,PAS_CRD,DE,2008-04,2316430,
ESTAT:AVIA_PANC(1.0),10/10/24 23:00:00,M,PAS,PAS_CRD,DE,2008-05,2117792,
ESTAT:AVIA_PANC(1.0),10/10/24 23:00:00,M,PAS,PAS_CRD,DE,2008-06,2183690,
ESTAT:AVIA_PANC(1.0),10/10/24 23:00:00,M,PAS,PAS_CRD,DE,2008-07,2011737,
ESTAT:AVIA_PANC(1.0),10/10/24 23:00:00,M,PAS,PAS_CRD,DE,2008-08,1838721,
ESTAT:AVIA_PANC(1.0),10/10/24 23:00:00,M,PAS,PAS_CRD,DE,2008-09,2212562,
ESTAT:AVIA_PANC(1.0),10/10/24 23:00:00,M,PAS,PAS_CRD,DE,2008-10,2223475,
ESTAT:AVIA_PANC(1.0),10/10/24 23:00:00,M,PAS,PAS_CRD,DE,2008-11,2117458,
ESTAT:AVIA_PANC(1.0),10/10/24 23:00:00,M,PAS,PAS_CRD,DE,2008-12,1872473,
ESTAT:AVIA_PANC(1.0),10/10/24 23:00:00,M,PAS,PAS_CRD,DE,2009-01,1728500,
ESTAT:AVIA_PANC(1.0),10/10/24 23:00:00,M,PAS,PAS_CRD,DE,2009-02,1794456,
ESTAT:AVIA_PANC(1.0),10/10/24 23:00:00,M,PAS,PAS_CRD,DE,2009-03,2102411,
ESTAT:AVIA_PANC(1.0),10/10/24 23:00:00,M,PAS,PAS_CRD,DE,2009-04,1973055,
ESTAT:AVIA_PANC(1.0),10/10/24 23:00:00,M,PAS,PAS_CRD,DE,2009-05,2038660,
ESTAT:AVIA_PANC(1.0),10/10/24 23:00:00,M,PAS,PAS_CRD,DE,2009-06,1984766,
ESTAT:AVIA_PANC(1.0),10/10/24 23:00:00,M,PAS,PAS_CRD,DE,2009-07,1964351,
ESTAT:AVIA_PANC(1.0),10/10/24 23:00:00,M,PAS,PAS_CRD,DE,2009-08,1796444,
ESTAT:AVIA_PANC(1.0),10/10/24 23:00:00,M,PAS,PAS_CRD,DE,2009-09,2144636,
ESTAT:AVIA_PANC(1.0),10/10/24 23:00:00,M,PAS,PAS_CRD,DE,2009-10,2188617,
ESTAT:AVIA_PANC(1.0),10/10/24 23:00:00,M,PAS,PAS_CRD,DE,2009-11,2119270,
ESTAT:AVIA_PANC(1.0),10/10/24 23:00:00,M,PAS,PAS_CRD,DE,2009-12,1891342,
ESTAT:AVIA_PANC(1.0),10/10/24 23:00:00,M,PAS,PAS_CRD,DE,2010-01,1698681,
ESTAT:AVIA_PANC(1.0),10/10/24 23:00:00,M,PAS,PAS_CRD,DE,2010-02,1710209,
ESTAT:AVIA_PANC(1.0),10/10/24 23:00:00,M,PAS,PAS_CRD,DE,2010-03,2232321,
ESTAT:AVIA_PANC(1.0),10/10/24 23:00:00,M,PAS,PAS_CRD,DE,2010-04,1577630,
ESTAT:AVIA_PANC(1.0),10/10/24 23:00:00,M,PAS,PAS_CRD,DE,2010-05,2106497,
ESTAT:AVIA_PANC(1.0),10/10/24 23:00:00,M,PAS,PAS_CRD,DE,2010-06,2166828,
ESTAT:AVIA_PANC(1.0),10/10/24 23:00:00,M,PAS,PAS_CRD,DE,2010-07,2090605,
ESTAT:AVIA_PANC(1.0),10/10/24 23:00:00,M,PAS,PAS_CRD,DE,2010-08,1926720,
ESTAT:AVIA_PANC(1.0),10/10/24 23:00:00,M,PAS,PAS_CRD,DE,2010-09,2344503,
ESTAT:AVIA_PANC(1.0),10/10/24 23:00:00,M,PAS,PAS_CRD,DE,2010-10,2336410,
ESTAT:AVIA_PANC(1.0),10/10/24 23:00:00,M,PAS,PAS_CRD,DE,2010-11,2213272,
ESTAT:AVIA_PANC(1.0),10/10/24 23:00:00,M,PAS,PAS_CRD,DE,2010-12,1760789,
ESTAT:AVIA_PANC(1.0),10/10/24 23:00:00,M,PAS,PAS_CRD,DE,2011-01,1771680,
ESTAT:AVIA_PANC(1.0),10/10/24 23:00:00,M,PAS,PAS_CRD,DE,2011-02,1834815,
ESTAT:AVIA_PANC(1.0),10/10/24 23:00:00,M,PAS,PAS_CRD,DE,2011-03,2124015,
ESTAT:AVIA_PANC(1.0),10/10/24 23:00:00,M,PAS,PAS_CRD,DE,2011-04,1970496,
ESTAT:AVIA_PANC(1.0),10/10/24 23:00:00,M,PAS,PAS_CRD,DE,2011-05,2274560,
ESTAT:AVIA_PANC(1.0),10/10/24 23:00:00,M,PAS,PAS_CRD,DE,2011-06,2012617,
ESTAT:AVIA_PANC(1.0),10/10/24 23:00:00,M,PAS,PAS_CRD,DE,2011-07,2038911,
ESTAT:AVIA_PANC(1.0),10/10/24 23:00:00,M,PAS,PAS_CRD,DE,2011-08,1848340,
ESTAT:AVIA_PANC(1.0),10/10/24 23:00:00,M,PAS,PAS_CRD,DE,2011-09,2281522,
ESTAT:AVIA_PANC(1.0),10/10/24 23:00:00,M,PAS,PAS_CRD,DE,2011-10,2173502,
ESTAT:AVIA_PANC(1.0),10/10/24 23:00:00,M,PAS,PAS_CRD,DE,2011-11,2177836,
ESTAT:AVIA_PANC(1.0),10/10/24 23:00:00,M,PAS,PAS_CRD,DE,2011-12,1910089,
ESTAT:AVIA_PANC(1.0),10/10/24 23:00:00,M,PAS,PAS_CRD,DE,2012-01,1771181,
ESTAT:AVIA_PANC(1.0),10/10/24 23:00:00,M,PAS,PAS_CRD,DE,2012-02,1802015,
ESTAT:AVIA_PANC(1.0),10/10/24 23:00:00,M,PAS,PAS_CRD,DE,2012-03,2128472,
ESTAT:AVIA_PANC(1.0),10/10/24 23:00:00,M,PAS,PAS_CRD,DE,2012-04,1916951,
ESTAT:AVIA_PANC(1.0),10/10/24 23:00:00,M,PAS,PAS_CRD,DE,2012-05,2125130,
ESTAT:AVIA_PANC(1.0),10/10/24 23:00:00,M,PAS,PAS_CRD,DE,2012-06,2025176,
ESTAT:AVIA_PANC(1.0),10/10/24 23:00:00,M,PAS,PAS_CRD,DE,2012-07,1915009,
ESTAT:AVIA_PANC(1.0),10/10/24 23:00:00,M,PAS,PAS_CRD,DE,2012-08,1812095,
ESTAT:AVIA_PANC(1.0),10/10/24 23:00:00,M,PAS,PAS_CRD,DE,2012-09,2099509,
ESTAT:AVIA_PANC(1.0),10/10/24 23:00:00,M,PAS,PAS_CRD,DE,2012-10,2166685,
ESTAT:AVIA_PANC(1.0),10/10/24 23:00:00,M,PAS,PAS_CRD,DE,2012-11,2060033,
ESTAT:AVIA_PANC(1.0),10/10/24 23:00:00,M,PAS,PAS_CRD,DE,2012-12,1679105,
ESTAT:AVIA_PANC(1.0),10/10/24 23:00:00,M,PAS,PAS_CRD,DE,2013-01,1608303,
ESTAT:AVIA_PANC(1.0),10/10/24 23:00:00,M,PAS,PAS_CRD,DE,2013-02,1630192,
ESTAT:AVIA_PANC(1.0),10/10/24 23:00:00,M,PAS,PAS_CRD,DE,2013-03,1877790,
ESTAT:AVIA_PANC(1.0),10/10/24 23:00:00,M,PAS,PAS_CRD,DE,2013-04,1963283,
ESTAT:AVIA_PANC(1.0),10/10/24 23:00:00,M,PAS,PAS_CRD,DE,2013-05,1916911,
ESTAT:AVIA_PANC(1.0),10/10/24 23:00:00,M,PAS,PAS_CRD,DE,2013-06,2063425,
ESTAT:AVIA_PANC(1.0),10/10/24 23:00:00,M,PAS,PAS_CRD,DE,2013-07,1946668,
ESTAT:AVIA_PANC(1.0),10/10/24 23:00:00,M,PAS,PAS_CRD,DE,2013-08,1745910,
ESTAT:AVIA_PANC(1.0),10/10/24 23:00:00,M,PAS,PAS_CRD,DE,2013-09,2107751,
ESTAT:AVIA_PANC(1.0),10/10/24 23:00:00,M,PAS,PAS_CRD,DE,2013-10,2114243,
ESTAT:AVIA_PANC(1.0),10/10/24 23:00:00,M,PAS,PAS_CRD,DE,2013-11,1980143,
ESTAT:AVIA_PANC(1.0),10/10/24 23:00:00,M,PAS,PAS_CRD,DE,2013-12,1663893,
ESTAT:AVIA_PANC(1.0),10/10/24 23:00:00,M,PAS,PAS_CRD,DE,2014-01,1628508,
ESTAT:AVIA_PANC(1.0),10/10/24 23:00:00,M,PAS,PAS_CRD,DE,2014-02,1704025,
ESTAT:AVIA_PANC(1.0),10/10/24 23:00:00,M,PAS,PAS_CRD,DE,2014-03,1904687,
ESTAT:AVIA_PANC(1.0),10/10/24 23:00:00,M,PAS,PAS_CRD,DE,2014-04,1758853,
ESTAT:AVIA_PANC(1.0),10/10/24 23:00:00,M,PAS,PAS_CRD,DE,2014-05,2072894,
ESTAT:AVIA_PANC(1.0),10/10/24 23:00:00,M,PAS,PAS_CRD,DE,2014-06,1998776,
ESTAT:AVIA_PANC(1.0),10/10/24 23:00:00,M,PAS,PAS_CRD,DE,2014-07,1967006,
ESTAT:AVIA_PANC(1.0),10/10/24 23:00:00,M,PAS,PAS_CRD,DE,2014-08,1750603,
ESTAT:AVIA_PANC(1.0),10/10/24 23:00:00,M,PAS,PAS_CRD,DE,2014-09,2151950,
ESTAT:AVIA_PANC(1.0),10/10/24 23:00:00,M,PAS,PAS_CRD,DE,2014-10,2125539,
ESTAT:AVIA_PANC(1.0),10/10/24 23:00:00,M,PAS,PAS_CRD,DE,2014-11,2047346,
ESTAT:AVIA_PANC(1.0),10/10/24 23:00:00,M,PAS,PAS_CRD,DE,2014-12,1678969,
ESTAT:AVIA_PANC(1.0),10/10/24 23:00:00,M,PAS,PAS_CRD,DE,2015-01,1589506,
ESTAT:AVIA_PANC(1.0),10/10/24 23:00:00,M,PAS,PAS_CRD,DE,2015-02,1659485,
ESTAT:AVIA_PANC(1.0),10/10/24 23:00:00,M,PAS,PAS_CRD,DE,2015-03,1969502,
ESTAT:AVIA_PANC(1.0),10/10/24 23:00:00,M,PAS,PAS_CRD,DE,2015-04,1919807,
ESTAT:AVIA_PANC(1.0),10/10/24 23:00:00,M,PAS,PAS_CRD,DE,2015-05,2059735,
ESTAT:AVIA_PANC(1.0),10/10/24 23:00:00,M,PAS,PAS_CRD,DE,2015-06,2094269,
ESTAT:AVIA_PANC(1.0),10/10/24 23:00:00,M,PAS,PAS_CRD,DE,2015-07,2001086,
ESTAT:AVIA_PANC(1.0),10/10/24 23:00:00,M,PAS,PAS_CRD,DE,2015-08,1800065,
ESTAT:AVIA_PANC(1.0),10/10/24 23:00:00,M,PAS,PAS_CRD,DE,2015-09,2156447,
ESTAT:AVIA_PANC(1.0),10/10/24 23:00:00,M,PAS,PAS_CRD,DE,2015-10,2232343,
ESTAT:AVIA_PANC(1.0),10/10/24 23:00:00,M,PAS,PAS_CRD,DE,2015-11,1919805,
ESTAT:AVIA_PANC(1.0),10/10/24 23:00:00,M,PAS,PAS_CRD,DE,2015-12,1754864,
ESTAT:AVIA_PANC(1.0),10/10/24 23:00:00,M,PAS,PAS_CRD,DE,2016-01,1644033,
ESTAT:AVIA_PANC(1.0),10/10/24 23:00:00,M,PAS,PAS_CRD,DE,2016-02,1793430,
ESTAT:AVIA_PANC(1.0),10/10/24 23:00:00,M,PAS,PAS_CRD,DE,2016-03,1961827,
ESTAT:AVIA_PANC(1.0),10/10/24 23:00:00,M,PAS,PAS_CRD,DE,2016-04,2041503,
ESTAT:AVIA_PANC(1.0),10/10/24 23:00:00,M,PAS,PAS_CRD,DE,2016-05,1999720,
ESTAT:AVIA_PANC(1.0),10/10/24 23:00:00,M,PAS,PAS_CRD,DE,2016-06,2220490,
ESTAT:AVIA_PANC(1.0),10/10/24 23:00:00,M,PAS,PAS_CRD,DE,2016-07,2047479,
ESTAT:AVIA_PANC(1.0),10/10/24 23:00:00,M,PAS,PAS_CRD,DE,2016-08,1809237,
ESTAT:AVIA_PANC(1.0),10/10/24 23:00:00,M,PAS,PAS_CRD,DE,2016-09,2295982,
ESTAT:AVIA_PANC(1.0),10/10/24 23:00:00,M,PAS,PAS_CRD,DE,2016-10,2158889,
ESTAT:AVIA_PANC(1.0),10/10/24 23:00:00,M,PAS,PAS_CRD,DE,2016-11,1986171,
ESTAT:AVIA_PANC(1.0),10/10/24 23:00:00,M,PAS,PAS_CRD,DE,2016-12,1816183,
ESTAT:AVIA_PANC(1.0),10/10/24 23:00:00,M,PAS,PAS_CRD,DE,2017-01,1712272,
ESTAT:AVIA_PANC(1.0),10/10/24 23:00:00,M,PAS,PAS_CRD,DE,2017-02,1757437,
ESTAT:AVIA_PANC(1.0),10/10/24 23:00:00,M,PAS,PAS_CRD,DE,2017-03,2092036,
ESTAT:AVIA_PANC(1.0),10/10/24 23:00:00,M,PAS,PAS_CRD,DE,2017-04,1980055,
ESTAT:AVIA_PANC(1.0),10/10/24 23:00:00,M,PAS,PAS_CRD,DE,2017-05,2268452,
ESTAT:AVIA_PANC(1.0),10/10/24 23:00:00,M,PAS,PAS_CRD,DE,2017-06,2142221,
ESTAT:AVIA_PANC(1.0),10/10/24 23:00:00,M,PAS,PAS_CRD,DE,2017-07,2099336,
ESTAT:AVIA_PANC(1.0),10/10/24 23:00:00,M,PAS,PAS_CRD,DE,2017-08,1868401,
ESTAT:AVIA_PANC(1.0),10/10/24 23:00:00,M,PAS,PAS_CRD,DE,2017-09,2261425,
ESTAT:AVIA_PANC(1.0),10/10/24 23:00:00,M,PAS,PAS_CRD,DE,2017-10,2088523,
ESTAT:AVIA_PANC(1.0),10/10/24 23:00:00,M,PAS,PAS_CRD,DE,2017-11,1940907,
ESTAT:AVIA_PANC(1.0),10/10/24 23:00:00,M,PAS,PAS_CRD,DE,2017-12,1621853,
ESTAT:AVIA_PANC(1.0),10/10/24 23:00:00,M,PAS,PAS_CRD,DE,2018-01,1614460,
ESTAT:AVIA_PANC(1.0),10/10/24 23:00:00,M,PAS,PAS_CRD,DE,2018-02,1684511,
ESTAT:AVIA_PANC(1.0),10/10/24 23:00:00,M,PAS,PAS_CRD,DE,2018-03,2017204,
ESTAT:AVIA_PANC(1.0),10/10/24 23:00:00,M,PAS,PAS_CRD,DE,2018-04,1991471,
ESTAT:AVIA_PANC(1.0),10/10/24 23:00:00,M,PAS,PAS_CRD,DE,2018-05,1999275,
ESTAT:AVIA_PANC(1.0),10/10/24 23:00:00,M,PAS,PAS_CRD,DE,2018-06,2044065,
ESTAT:AVIA_PANC(1.0),10/10/24 23:00:00,M,PAS,PAS_CRD,DE,2018-07,2000670,
ESTAT:AVIA_PANC(1.0),10/10/24 23:00:00,M,PAS,PAS_CRD,DE,2018-08,1862664,
ESTAT:AVIA_PANC(1.0),10/10/24 23:00:00,M,PAS,PAS_CRD,DE,2018-09,2218273,
ESTAT:AVIA_PANC(1.0),10/10/24 23:00:00,M,PAS,PAS_CRD,DE,2018-10,2248545,
ESTAT:AVIA_PANC(1.0),10/10/24 23:00:00,M,PAS,PAS_CRD,DE,2018-11,2115925,
ESTAT:AVIA_PANC(1.0),10/10/24 23:00:00,M,PAS,PAS_CRD,DE,2018-12,1828877,
ESTAT:AVIA_PANC(1.0),10/10/24 23:00:00,M,PAS,PAS_CRD,DE,2019-01,1670237,
ESTAT:AVIA_PANC(1.0),10/10/24 23:00:00,M,PAS,PAS_CRD,DE,2019-02,1740235,
ESTAT:AVIA_PANC(1.0),10/10/24 23:00:00,M,PAS,PAS_CRD,DE,2019-03,2030567,
ESTAT:AVIA_PANC(1.0),10/10/24 23:00:00,M,PAS,PAS_CRD,DE,2019-04,1966984,
ESTAT:AVIA_PANC(1.0),10/10/24 23:00:00,M,PAS,PAS_CRD,DE,2019-05,2168901,
ESTAT:AVIA_PANC(1.0),10/10/24 23:00:00,M,PAS,PAS_CRD,DE,2019-06,2031680,
ESTAT:AVIA_PANC(1.0),10/10/24 23:00:00,M,PAS,PAS_CRD,DE,2019-07,2004209,
ESTAT:AVIA_PANC(1.0),10/10/24 23:00:00,M,PAS,PAS_CRD,DE,2019-08,1805664,
ESTAT:AVIA_PANC(1.0),10/10/24 23:00:00,M,PAS,PAS_CRD,DE,2019-09,2130249,
ESTAT:AVIA_PANC(1.0),10/10/24 23:00:00,M,PAS,PAS_CRD,DE,2019-10,2103637,
ESTAT:AVIA_PANC(1.0),10/10/24 23:00:00,M,PAS,PAS_CRD,DE,2019-11,1857673,
ESTAT:AVIA_PANC(1.0),10/10/24 23:00:00,M,PAS,PAS_CRD,DE,2019-12,1672220,
ESTAT:AVIA_PANC(1.0),10/10/24 23:00:00,M,PAS,PAS_CRD,DE,2020-01,1519604,
ESTAT:AVIA_PANC(1.0),10/10/24 23:00:00,M,PAS,PAS_CRD,DE,2020-02,1478186,
ESTAT:AVIA_PANC(1.0),10/10/24 23:00:00,M,PAS,PAS_CRD,DE,2020-03,636539,
ESTAT:AVIA_PANC(1.0),10/10/24 23:00:00,M,PAS,PAS_CRD,DE,2020-04,27172,
ESTAT:AVIA_PANC(1.0),10/10/24 23:00:00,M,PAS,PAS_CRD,DE,2020-05,70897,
ESTAT:AVIA_PANC(1.0),10/10/24 23:00:00,M,PAS,PAS_CRD,DE,2020-06,189602,
ESTAT:AVIA_PANC(1.0),10/10/24 23:00:00,M,PAS,PAS_CRD,DE,2020-07,401009,
ESTAT:AVIA_PANC(1.0),10/10/24 23:00:00,M,PAS,PAS_CRD,DE,2020-08,420162,
ESTAT:AVIA_PANC(1.0),10/10/24 23:00:00,M,PAS,PAS_CRD,DE,2020-09,451544,
ESTAT:AVIA_PANC(1.0),10/10/24 23:00:00,M,PAS,PAS_CRD,DE,2020-10,356882,
ESTAT:AVIA_PANC(1.0),10/10/24 23:00:00,M,PAS,PAS_CRD,DE,2020-11,167819,
ESTAT:AVIA_PANC(1.0),10/10/24 23:00:00,M,PAS,PAS_CRD,DE,2020-12,170680,
ESTAT:AVIA_PANC(1.0),10/10/24 23:00:00,M,PAS,PAS_CRD,DE,2021-01,131216,
ESTAT:AVIA_PANC(1.0),10/10/24 23:00:00,M,PAS,PAS_CRD,DE,2021-02,119766,
ESTAT:AVIA_PANC(1.0),10/10/24 23:00:00,M,PAS,PAS_CRD,DE,2021-03,168026,
ESTAT:AVIA_PANC(1.0),10/10/24 23:00:00,M,PAS,PAS_CRD,DE,2021-04,175528,
ESTAT:AVIA_PANC(1.0),10/10/24 23:00:00,M,PAS,PAS_CRD,DE,2021-05,227368,
ESTAT:AVIA_PANC(1.0),10/10/24 23:00:00,M,PAS,PAS_CRD,DE,2021-06,328264,
ESTAT:AVIA_PANC(1.0),10/10/24 23:00:00,M,PAS,PAS_CRD,DE,2021-07,491689,
ESTAT:AVIA_PANC(1.0),10/10/24 23:00:00,M,PAS,PAS_CRD,DE,2021-08,537380,
ESTAT:AVIA_PANC(1.0),10/10/24 23:00:00,M,PAS,PAS_CRD,DE,2021-09,666834,
ESTAT:AVIA_PANC(1.0),10/10/24 23:00:00,M,PAS,PAS_CRD,DE,2021-10,774299,
ESTAT:AVIA_PANC(1.0),10/10/24 23:00:00,M,PAS,PAS_CRD,DE,2021-11,650281,
ESTAT:AVIA_PANC(1.0),10/10/24 23:00:00,M,PAS,PAS_CRD,DE,2021-12,496396,
ESTAT:AVIA_PANC(1.0),10/10/24 23:00:00,M,PAS,PAS_CRD,DE,2022-01,380569,
ESTAT:AVIA_PANC(1.0),10/10/24 23:00:00,M,PAS,PAS_CRD,DE,2022-02,404070,
ESTAT:AVIA_PANC(1.0),10/10/24 23:00:00,M,PAS,PAS_CRD,DE,2022-03,588714,
ESTAT:AVIA_PANC(1.0),10/10/24 23:00:00,M,PAS,PAS_CRD,DE,2022-04,825521,
ESTAT:AVIA_PANC(1.0),10/10/24 23:00:00,M,PAS,PAS_CRD,DE,2022-05,1011136,
ESTAT:AVIA_PANC(1.0),10/10/24 23:00:00,M,PAS,PAS_CRD,DE,2022-06,970423,
ESTAT:AVIA_PANC(1.0),10/10/24 23:00:00,M,PAS,PAS_CRD,DE,2022-07,768740,
ESTAT:AVIA_PANC(1.0),10/10/24 23:00:00,M,PAS,PAS_CRD,DE,2022-08,809214,
ESTAT:AVIA_PANC(1.0),10/10/24 23:00:00,M,PAS,PAS_CRD,DE,2022-09,967846,
ESTAT:AVIA_PANC(1.0),10/10/24 23:00:00,M,PAS,PAS_CRD,DE,2022-10,1012529,
ESTAT:AVIA_PANC(1.0),10/10/24 23:00:00,M,PAS,PAS_CRD,DE,2022-11,923489,
ESTAT:AVIA_PANC(1.0),10/10/24 23:00:00,M,PAS,PAS_CRD,DE,2022-12,763983,
ESTAT:AVIA_PANC(1.0),10/10/24 23:00:00,M,PAS,PAS_CRD,DE,2023-01,710169,
ESTAT:AVIA_PANC(1.0),10/10/24 23:00:00,M,PAS,PAS_CRD,DE,2023-02,737204,
ESTAT:AVIA_PANC(1.0),10/10/24 23:00:00,M,PAS,PAS_CRD,DE,2023-03,907834,
ESTAT:AVIA_PANC(1.0),10/10/24 23:00:00,M,PAS,PAS_CRD,DE,2023-04,918944,
ESTAT:AVIA_PANC(1.0),10/10/24 23:00:00,M,PAS,PAS_CRD,DE,2023-05,1058111,
ESTAT:AVIA_PANC(1.0),10/10/24 23:00:00,M,PAS,PAS_CRD,DE,2023-06,1044766,
ESTAT:AVIA_PANC(1.0),10/10/24 23:00:00,M,PAS,PAS_CRD,DE,2023-07,1063987,
ESTAT:AVIA_PANC(1.0),10/10/24 23:00:00,M,PAS,PAS_CRD,DE,2023-08,953842,
ESTAT:AVIA_PANC(1.0),10/10/24 23:00:00,M,PAS,PAS_CRD,DE,2023-09,1141213,
ESTAT:AVIA_PANC(1.0),10/10/24 23:00:00,M,PAS,PAS_CRD,DE,2023-10,1139461,
ESTAT:AVIA_PANC(1.0),10/10/24 23:00:00,M,PAS,PAS_CRD,DE,2023-11,1040579,
ESTAT:AVIA_PANC(1.0),10/10/24 23:00:00,M,PAS,PAS_CRD,DE,2023-12,826464,
ESTAT:AVIA_PANC(1.0),10/10/24 23:00:00,M,PAS,PAS_CRD,DE,2024-01,814053,
ESTAT:AVIA_PANC(1.0),10/10/24 23:00:00,M,PAS,PAS_CRD,DE,2024-02,790082,
ESTAT:AVIA_PANC(1.0),10/10/24 23:00:00,M,PAS,PAS_CRD,DE,2024-03,932401,
ESTAT:AVIA_PANC(1.0),10/10/24 23:00:00,M,PAS,PAS_CRD,DE,2024-04,1037852,
ESTAT:AVIA_PANC(1.0),10/10/24 23:00:00,M,PAS,PAS_CRD,DE,2024-05,1051557,
ESTAT:AVIA_PANC(1.0),10/10/24 23:00:00,M,PAS,PAS_CRD,DE,2024-06,1101762,
