DATAFLOW,LAST UPDATE,freq,unit,tra_meas,geo,TIME_PERIOD,OBS_VALUE,OBS_FLAG,,,,,,,,
ESTAT:AVIA_PANC(1.0),10/10/2024 23:00,M,PAS,PAS_CRD,FR,2002-01,2057266,,,,,,,,,
ESTAT:AVIA_PANC(1.0),10/10/2024 23:00,M,PAS,PAS_CRD,FR,2002-02,2018903,,,,,,,,,
ESTAT:AVIA_PANC(1.0),10/10/2024 23:00,M,PAS,PAS_CRD,FR,2002-03,2291839,,,,,,,,,
ESTAT:AVIA_PANC(1.0),10/10/2024 23:00,M,PAS,PAS_CRD,FR,2002-04,2445558,,,,,,,,,
ESTAT:AVIA_PANC(1.0),10/10/2024 23:00,M,PAS,PAS_CRD,FR,2002-05,2358286,,,,,,,,,
ESTAT:AVIA_PANC(1.0),10/10/2024 23:00,M,PAS,PAS_CRD,FR,2002-06,2537378,,,,,,,,,
ESTAT:AVIA_PANC(1.0),10/10/2024 23:00,M,PAS,PAS_CRD,FR,2002-07,2671579,,,,,,,,,
ESTAT:AVIA_PANC(1.0),10/10/2024 23:00,M,PAS,PAS_CRD,FR,2002-08,2415784,,,,,,,,,
ESTAT:AVIA_PANC(1.0),10/10/2024 23:00,M,PAS,PAS_CRD,FR,2002-09,2339769,,,,,,,,,
ESTAT:AVIA_PANC(1.0),10/10/2024 23:00,M,PAS,PAS_CRD,FR,2002-10,2439604,,,,,,,,,
ESTAT:AVIA_PANC(1.0),10/10/2024 23:00,M,PAS,PAS_CRD,FR,2002-11,2142801,,,,,,,,,
ESTAT:AVIA_PANC(1.0),10/10/2024 23:00,M,PAS,PAS_CRD,FR,2002-12,2313210,,,,,,,,,
ESTAT:AVIA_PANC(1.0),10/10/2024 23:00,M,PAS,PAS_CRD,FR,2003-01,2167799,,,,,,,,,
ESTAT:AVIA_PANC(1.0),10/10/2024 23:00,M,PAS,PAS_CRD,FR,2003-02,1932680,,,,,,,,,
ESTAT:AVIA_PANC(1.0),10/10/2024 23:00,M,PAS,PAS_CRD,FR,2003-03,2190722,,,,,,,,,
ESTAT:AVIA_PANC(1.0),10/10/2024 23:00,M,PAS,PAS_CRD,FR,2003-04,2230006,,,,,,,,,
ESTAT:AVIA_PANC(1.0),10/10/2024 23:00,M,PAS,PAS_CRD,FR,2003-05,2045559,,,,,,,,,
ESTAT:AVIA_PANC(1.0),10/10/2024 23:00,M,PAS,PAS_CRD,FR,2003-06,2442128,,,,,,,,,
ESTAT:AVIA_PANC(1.0),10/10/2024 23:00,M,PAS,PAS_CRD,FR,2003-07,2546489,,,,,,,,,
ESTAT:AVIA_PANC(1.0),10/10/2024 23:00,M,PAS,PAS_CRD,FR,2003-08,2352381,,,,,,,,,
ESTAT:AVIA_PANC(1.0),10/10/2024 23:00,M,PAS,PAS_CRD,FR,2003-09,2301512,,,,,,,,,
ESTAT:AVIA_PANC(1.0),10/10/2024 23:00,M,PAS,PAS_CRD,FR,2003-10,2361812,,,,,,,,,
ESTAT:AVIA_PANC(1.0),10/10/2024 23:00,M,PAS,PAS_CRD,FR,2003-11,2058097,,,,,,,,,
ESTAT:AVIA_PANC(1.0),10/10/2024 23:00,M,PAS,PAS_CRD,FR,2003-12,2192825,,,,,,,,,
ESTAT:AVIA_PANC(1.0),10/10/2024 23:00,M,PAS,PAS_CRD,FR,2004-01,2098273,,,,,,,,,
ESTAT:AVIA_PANC(1.0),10/10/2024 23:00,M,PAS,PAS_CRD,FR,2004-02,1954334,,,,,,,,,
ESTAT:AVIA_PANC(1.0),10/10/2024 23:00,M,PAS,PAS_CRD,FR,2004-03,2233960,,,,,,,,,
ESTAT:AVIA_PANC(1.0),10/10/2024 23:00,M,PAS,PAS_CRD,FR,2004-04,2306663,,,,,,,,,
ESTAT:AVIA_PANC(1.0),10/10/2024 23:00,M,PAS,PAS_CRD,FR,2004-05,2314660,,,,,,,,,
ESTAT:AVIA_PANC(1.0),10/10/2024 23:00,M,PAS,PAS_CRD,FR,2004-06,2498387,,,,,,,,,
ESTAT:AVIA_PANC(1.0),10/10/2024 23:00,M,PAS,PAS_CRD,FR,2004-07,2533886,,,,,,,,,
ESTAT:AVIA_PANC(1.0),10/10/2024 23:00,M,PAS,PAS_CRD,FR,2004-08,2293560,,,,,,,,,
ESTAT:AVIA_PANC(1.0),10/10/2024 23:00,M,PAS,PAS_CRD,FR,2004-09,2266215,,,,,,,,,
ESTAT:AVIA_PANC(1.0),10/10/2024 23:00,M,PAS,PAS_CRD,FR,2004-10,2305590,,,,,,,,,
ESTAT:AVIA_PANC(1.0),10/10/2024 23:00,M,PAS,PAS_CRD,FR,2004-11,2085886,,,,,,,,,
ESTAT:AVIA_PANC(1.0),10/10/2024 23:00,M,PAS,PAS_CRD,FR,2004-12,2233844,,,,,,,,,
ESTAT:AVIA_PANC(1.0),10/10/2024 23:00,M,PAS,PAS_CRD,FR,2005-01,2089283,,,,,,,,,
ESTAT:AVIA_PANC(1.0),10/10/2024 23:00,M,PAS,PAS_CRD,FR,2005-02,1911847,,,,,,,,,
ESTAT:AVIA_PANC(1.0),10/10/2024 23:00,M,PAS,PAS_CRD,FR,2005-03,2155361,,,,,,,,,
ESTAT:AVIA_PANC(1.0),10/10/2024 23:00,M,PAS,PAS_CRD,FR,2005-04,2236750,,,,,,,,,
ESTAT:AVIA_PANC(1.0),10/10/2024 23:00,M,PAS,PAS_CRD,FR,2005-05,2290561,,,,,,,,,
ESTAT:AVIA_PANC(1.0),10/10/2024 23:00,M,PAS,PAS_CRD,FR,2005-06,2484832,,,,,,,,,
ESTAT:AVIA_PANC(1.0),10/10/2024 23:00,M,PAS,PAS_CRD,FR,2005-07,2553719,,,,,,,,,
ESTAT:AVIA_PANC(1.0),10/10/2024 23:00,M,PAS,PAS_CRD,FR,2005-08,2260817,,,,,,,,,
ESTAT:AVIA_PANC(1.0),10/10/2024 23:00,M,PAS,PAS_CRD,FR,2005-09,2267800,,,,,,,,,
ESTAT:AVIA_PANC(1.0),10/10/2024 23:00,M,PAS,PAS_CRD,FR,2005-10,2218642,,,,,,,,,
ESTAT:AVIA_PANC(1.0),10/10/2024 23:00,M,PAS,PAS_CRD,FR,2005-11,2099127,,,,,,,,,
ESTAT:AVIA_PANC(1.0),10/10/2024 23:00,M,PAS,PAS_CRD,FR,2005-12,2240857,,,,,,,,,
ESTAT:AVIA_PANC(1.0),10/10/2024 23:00,M,PAS,PAS_CRD,FR,2006-01,2116025,,,,,,,,,
ESTAT:AVIA_PANC(1.0),10/10/2024 23:00,M,PAS,PAS_CRD,FR,2006-02,1903098,,,,,,,,,
ESTAT:AVIA_PANC(1.0),10/10/2024 23:00,M,PAS,PAS_CRD,FR,2006-03,2184282,,,,,,,,,
ESTAT:AVIA_PANC(1.0),10/10/2024 23:00,M,PAS,PAS_CRD,FR,2006-04,2267557,,,,,,,,,
ESTAT:AVIA_PANC(1.0),10/10/2024 23:00,M,PAS,PAS_CRD,FR,2006-05,2327738,,,,,,,,,
ESTAT:AVIA_PANC(1.0),10/10/2024 23:00,M,PAS,PAS_CRD,FR,2006-06,2521679,,,,,,,,,
ESTAT:AVIA_PANC(1.0),10/10/2024 23:00,M,PAS,PAS_CRD,FR,2006-07,2595940,,,,,,,,,
ESTAT:AVIA_PANC(1.0),10/10/2024 23:00,M,PAS,PAS_CRD,FR,2006-08,2282781,,,,,,,,,
ESTAT:AVIA_PANC(1.0),10/10/2024 23:00,M,PAS,PAS_CRD,FR,2006-09,2294441,,,,,,,,,
ESTAT:AVIA_PANC(1.0),10/10/2024 23:00,M,PAS,PAS_CRD,FR,2006-10,2309062,,,,,,,,,
ESTAT:AVIA_PANC(1.0),10/10/2024 23:00,M,PAS,PAS_CRD,FR,2006-11,2113314,,,,,,,,,
ESTAT:AVIA_PANC(1.0),10/10/2024 23:00,M,PAS,PAS_CRD,FR,2006-12,2233506,,,,,,,,,
ESTAT:AVIA_PANC(1.0),10/10/2024 23:00,M,PAS,PAS_CRD,FR,2007-01,2141871,,,,,,,,,
ESTAT:AVIA_PANC(1.0),10/10/2024 23:00,M,PAS,PAS_CRD,FR,2007-02,1979619,,,,,,,,,
ESTAT:AVIA_PANC(1.0),10/10/2024 23:00,M,PAS,PAS_CRD,FR,2007-03,2330020,,,,,,,,,
ESTAT:AVIA_PANC(1.0),10/10/2024 23:00,M,PAS,PAS_CRD,FR,2007-04,2323178,,,,,,,,,
ESTAT:AVIA_PANC(1.0),10/10/2024 23:00,M,PAS,PAS_CRD,FR,2007-05,2290418,,,,,,,,,
ESTAT:AVIA_PANC(1.0),10/10/2024 23:00,M,PAS,PAS_CRD,FR,2007-06,2525990,,,,,,,,,
ESTAT:AVIA_PANC(1.0),10/10/2024 23:00,M,PAS,PAS_CRD,FR,2007-07,2642588,,,,,,,,,
ESTAT:AVIA_PANC(1.0),10/10/2024 23:00,M,PAS,PAS_CRD,FR,2007-08,2339267,,,,,,,,,
ESTAT:AVIA_PANC(1.0),10/10/2024 23:00,M,PAS,PAS_CRD,FR,2007-09,2308902,,,,,,,,,
ESTAT:AVIA_PANC(1.0),10/10/2024 23:00,M,PAS,PAS_CRD,FR,2007-10,2176791,,,,,,,,,
ESTAT:AVIA_PANC(1.0),10/10/2024 23:00,M,PAS,PAS_CRD,FR,2007-11,2148289,,,,,,,,,
ESTAT:AVIA_PANC(1.0),10/10/2024 23:00,M,PAS,PAS_CRD,FR,2007-12,2145566,,,,,,,,,
ESTAT:AVIA_PANC(1.0),10/10/2024 23:00,M,PAS,PAS_CRD,FR,2008-01,2113409,,,,,,,,,
ESTAT:AVIA_PANC(1.0),10/10/2024 23:00,M,PAS,PAS_CRD,FR,2008-02,1955566,,,,,,,,,
ESTAT:AVIA_PANC(1.0),10/10/2024 23:00,M,PAS,PAS_CRD,FR,2008-03,2279826,,,,,,,,,
ESTAT:AVIA_PANC(1.0),10/10/2024 23:00,M,PAS,PAS_CRD,FR,2008-04,2330625,,,,,,,,,
ESTAT:AVIA_PANC(1.0),10/10/2024 23:00,M,PAS,PAS_CRD,FR,2008-05,2354553,,,,,,,,,
ESTAT:AVIA_PANC(1.0),10/10/2024 23:00,M,PAS,PAS_CRD,FR,2008-06,2535776,,,,,,,,,
ESTAT:AVIA_PANC(1.0),10/10/2024 23:00,M,PAS,PAS_CRD,FR,2008-07,2635367,,,,,,,,,
ESTAT:AVIA_PANC(1.0),10/10/2024 23:00,M,PAS,PAS_CRD,FR,2008-08,2400775,,,,,,,,,
ESTAT:AVIA_PANC(1.0),10/10/2024 23:00,M,PAS,PAS_CRD,FR,2008-09,2253701,,,,,,,,,
ESTAT:AVIA_PANC(1.0),10/10/2024 23:00,M,PAS,PAS_CRD,FR,2008-10,2296615,,,,,,,,,
ESTAT:AVIA_PANC(1.0),10/10/2024 23:00,M,PAS,PAS_CRD,FR,2008-11,2002533,,,,,,,,,
ESTAT:AVIA_PANC(1.0),10/10/2024 23:00,M,PAS,PAS_CRD,FR,2008-12,2175182,,,,,,,,,
ESTAT:AVIA_PANC(1.0),10/10/2024 23:00,M,PAS,PAS_CRD,FR,2009-01,1923973,,,,,,,,,
ESTAT:AVIA_PANC(1.0),10/10/2024 23:00,M,PAS,PAS_CRD,FR,2009-02,1805350,,,,,,,,,
ESTAT:AVIA_PANC(1.0),10/10/2024 23:00,M,PAS,PAS_CRD,FR,2009-03,2064812,,,,,,,,,
ESTAT:AVIA_PANC(1.0),10/10/2024 23:00,M,PAS,PAS_CRD,FR,2009-04,2282311,,,,,,,,,
ESTAT:AVIA_PANC(1.0),10/10/2024 23:00,M,PAS,PAS_CRD,FR,2009-05,2265975,,,,,,,,,
ESTAT:AVIA_PANC(1.0),10/10/2024 23:00,M,PAS,PAS_CRD,FR,2009-06,2441906,,,,,,,,,
ESTAT:AVIA_PANC(1.0),10/10/2024 23:00,M,PAS,PAS_CRD,FR,2009-07,2561192,,,,,,,,,
ESTAT:AVIA_PANC(1.0),10/10/2024 23:00,M,PAS,PAS_CRD,FR,2009-08,2352667,,,,,,,,,
ESTAT:AVIA_PANC(1.0),10/10/2024 23:00,M,PAS,PAS_CRD,FR,2009-09,2189782,,,,,,,,,
ESTAT:AVIA_PANC(1.0),10/10/2024 23:00,M,PAS,PAS_CRD,FR,2009-10,2221534,,,,,,,,,
ESTAT:AVIA_PANC(1.0),10/10/2024 23:00,M,PAS,PAS_CRD,FR,2009-11,2037581,,,,,,,,,
ESTAT:AVIA_PANC(1.0),10/10/2024 23:00,M,PAS,PAS_CRD,FR,2009-12,2104274,,,,,,,,,
ESTAT:AVIA_PANC(1.0),10/10/2024 23:00,M,PAS,PAS_CRD,FR,2010-01,1858247,,,,,,,,,
ESTAT:AVIA_PANC(1.0),10/10/2024 23:00,M,PAS,PAS_CRD,FR,2010-02,1766650,,,,,,,,,
ESTAT:AVIA_PANC(1.0),10/10/2024 23:00,M,PAS,PAS_CRD,FR,2010-03,2157837,,,,,,,,,
ESTAT:AVIA_PANC(1.0),10/10/2024 23:00,M,PAS,PAS_CRD,FR,2010-04,1886777,,,,,,,,,
ESTAT:AVIA_PANC(1.0),10/10/2024 23:00,M,PAS,PAS_CRD,FR,2010-05,2297133,,,,,,,,,
ESTAT:AVIA_PANC(1.0),10/10/2024 23:00,M,PAS,PAS_CRD,FR,2010-06,2408768,,,,,,,,,
ESTAT:AVIA_PANC(1.0),10/10/2024 23:00,M,PAS,PAS_CRD,FR,2010-07,2562835,,,,,,,,,
ESTAT:AVIA_PANC(1.0),10/10/2024 23:00,M,PAS,PAS_CRD,FR,2010-08,2372584,,,,,,,,,
ESTAT:AVIA_PANC(1.0),10/10/2024 23:00,M,PAS,PAS_CRD,FR,2010-09,2225727,,,,,,,,,
ESTAT:AVIA_PANC(1.0),10/10/2024 23:00,M,PAS,PAS_CRD,FR,2010-10,2223298,,,,,,,,,
ESTAT:AVIA_PANC(1.0),10/10/2024 23:00,M,PAS,PAS_CRD,FR,2010-11,2090407,,,,,,,,,
ESTAT:AVIA_PANC(1.0),10/10/2024 23:00,M,PAS,PAS_CRD,FR,2010-12,2077341,,,,,,,,,
ESTAT:AVIA_PANC(1.0),10/10/2024 23:00,M,PAS,PAS_CRD,FR,2011-01,2029090,,,,,,,,,
ESTAT:AVIA_PANC(1.0),10/10/2024 23:00,M,PAS,PAS_CRD,FR,2011-02,1911195,,,,,,,,,
ESTAT:AVIA_PANC(1.0),10/10/2024 23:00,M,PAS,PAS_CRD,FR,2011-03,2200529,,,,,,,,,
ESTAT:AVIA_PANC(1.0),10/10/2024 23:00,M,PAS,PAS_CRD,FR,2011-04,2301672,,,,,,,,,
ESTAT:AVIA_PANC(1.0),10/10/2024 23:00,M,PAS,PAS_CRD,FR,2011-05,2402182,,,,,,,,,
ESTAT:AVIA_PANC(1.0),10/10/2024 23:00,M,PAS,PAS_CRD,FR,2011-06,2534281,,,,,,,,,
ESTAT:AVIA_PANC(1.0),10/10/2024 23:00,M,PAS,PAS_CRD,FR,2011-07,2653420,,,,,,,,,
ESTAT:AVIA_PANC(1.0),10/10/2024 23:00,M,PAS,PAS_CRD,FR,2011-08,2378797,,,,,,,,,
ESTAT:AVIA_PANC(1.0),10/10/2024 23:00,M,PAS,PAS_CRD,FR,2011-09,2382910,,,,,,,,,
ESTAT:AVIA_PANC(1.0),10/10/2024 23:00,M,PAS,PAS_CRD,FR,2011-10,2326226,,,,,,,,,
ESTAT:AVIA_PANC(1.0),10/10/2024 23:00,M,PAS,PAS_CRD,FR,2011-11,2130594,,,,,,,,,
ESTAT:AVIA_PANC(1.0),10/10/2024 23:00,M,PAS,PAS_CRD,FR,2011-12,2279145,,,,,,,,,
ESTAT:AVIA_PANC(1.0),10/10/2024 23:00,M,PAS,PAS_CRD,FR,2012-01,2091218,,,,,,,,,
ESTAT:AVIA_PANC(1.0),10/10/2024 23:00,M,PAS,PAS_CRD,FR,2012-02,1951419,,,,,,,,,
ESTAT:AVIA_PANC(1.0),10/10/2024 23:00,M,PAS,PAS_CRD,FR,2012-03,2277619,,,,,,,,,
ESTAT:AVIA_PANC(1.0),10/10/2024 23:00,M,PAS,PAS_CRD,FR,2012-04,2339312,,,,,,,,,
ESTAT:AVIA_PANC(1.0),10/10/2024 23:00,M,PAS,PAS_CRD,FR,2012-05,2364142,,,,,,,,,
ESTAT:AVIA_PANC(1.0),10/10/2024 23:00,M,PAS,PAS_CRD,FR,2012-06,2556940,,,,,,,,,
ESTAT:AVIA_PANC(1.0),10/10/2024 23:00,M,PAS,PAS_CRD,FR,2012-07,2757863,,,,,,,,,
ESTAT:AVIA_PANC(1.0),10/10/2024 23:00,M,PAS,PAS_CRD,FR,2012-08,2489598,,,,,,,,,
ESTAT:AVIA_PANC(1.0),10/10/2024 23:00,M,PAS,PAS_CRD,FR,2012-09,2396813,,,,,,,,,
ESTAT:AVIA_PANC(1.0),10/10/2024 23:00,M,PAS,PAS_CRD,FR,2012-10,2325543,,,,,,,,,
ESTAT:AVIA_PANC(1.0),10/10/2024 23:00,M,PAS,PAS_CRD,FR,2012-11,2196759,,,,,,,,,
ESTAT:AVIA_PANC(1.0),10/10/2024 23:00,M,PAS,PAS_CRD,FR,2012-12,2249436,,,,,,,,,
ESTAT:AVIA_PANC(1.0),10/10/2024 23:00,M,PAS,PAS_CRD,FR,2013-01,2029490,,,,,,,,,
ESTAT:AVIA_PANC(1.0),10/10/2024 23:00,M,PAS,PAS_CRD,FR,2013-02,1996605,,,,,,,,,
ESTAT:AVIA_PANC(1.0),10/10/2024 23:00,M,PAS,PAS_CRD,FR,2013-03,2305712,,,,,,,,,
ESTAT:AVIA_PANC(1.0),10/10/2024 23:00,M,PAS,PAS_CRD,FR,2013-04,2418892,,,,,,,,,
ESTAT:AVIA_PANC(1.0),10/10/2024 23:00,M,PAS,PAS_CRD,FR,2013-05,2498755,,,,,,,,,
ESTAT:AVIA_PANC(1.0),10/10/2024 23:00,M,PAS,PAS_CRD,FR,2013-06,2578634,,,,,,,,,
ESTAT:AVIA_PANC(1.0),10/10/2024 23:00,M,PAS,PAS_CRD,FR,2013-07,2809231,,,,,,,,,
ESTAT:AVIA_PANC(1.0),10/10/2024 23:00,M,PAS,PAS_CRD,FR,2013-08,2582065,,,,,,,,,
ESTAT:AVIA_PANC(1.0),10/10/2024 23:00,M,PAS,PAS_CRD,FR,2013-09,2455672,,,,,,,,,
ESTAT:AVIA_PANC(1.0),10/10/2024 23:00,M,PAS,PAS_CRD,FR,2013-10,2458974,,,,,,,,,
ESTAT:AVIA_PANC(1.0),10/10/2024 23:00,M,PAS,PAS_CRD,FR,2013-11,2176129,,,,,,,,,
ESTAT:AVIA_PANC(1.0),10/10/2024 23:00,M,PAS,PAS_CRD,FR,2013-12,2313838,,,,,,,,,
ESTAT:AVIA_PANC(1.0),10/10/2024 23:00,M,PAS,PAS_CRD,FR,2014-01,2052571,,,,,,,,,
ESTAT:AVIA_PANC(1.0),10/10/2024 23:00,M,PAS,PAS_CRD,FR,2014-02,1983371,,,,,,,,,
ESTAT:AVIA_PANC(1.0),10/10/2024 23:00,M,PAS,PAS_CRD,FR,2014-03,2288840,,,,,,,,,
ESTAT:AVIA_PANC(1.0),10/10/2024 23:00,M,PAS,PAS_CRD,FR,2014-04,2398588,,,,,,,,,
ESTAT:AVIA_PANC(1.0),10/10/2024 23:00,M,PAS,PAS_CRD,FR,2014-05,2386227,,,,,,,,,
ESTAT:AVIA_PANC(1.0),10/10/2024 23:00,M,PAS,PAS_CRD,FR,2014-06,2672673,,,,,,,,,
ESTAT:AVIA_PANC(1.0),10/10/2024 23:00,M,PAS,PAS_CRD,FR,2014-07,2731100,,,,,,,,,
ESTAT:AVIA_PANC(1.0),10/10/2024 23:00,M,PAS,PAS_CRD,FR,2014-08,2536819,,,,,,,,,
ESTAT:AVIA_PANC(1.0),10/10/2024 23:00,M,PAS,PAS_CRD,FR,2014-09,1986923,,,,,,,,,
ESTAT:AVIA_PANC(1.0),10/10/2024 23:00,M,PAS,PAS_CRD,FR,2014-10,2454215,,,,,,,,,
ESTAT:AVIA_PANC(1.0),10/10/2024 23:00,M,PAS,PAS_CRD,FR,2014-11,2114970,,,,,,,,,
ESTAT:AVIA_PANC(1.0),10/10/2024 23:00,M,PAS,PAS_CRD,FR,2014-12,2314652,,,,,,,,,
ESTAT:AVIA_PANC(1.0),10/10/2024 23:00,M,PAS,PAS_CRD,FR,2015-01,2053546,,,,,,,,,
ESTAT:AVIA_PANC(1.0),10/10/2024 23:00,M,PAS,PAS_CRD,FR,2015-02,2018312,,,,,,,,,
ESTAT:AVIA_PANC(1.0),10/10/2024 23:00,M,PAS,PAS_CRD,FR,2015-03,2276636,,,,,,,,,
ESTAT:AVIA_PANC(1.0),10/10/2024 23:00,M,PAS,PAS_CRD,FR,2015-04,2330996,,,,,,,,,
ESTAT:AVIA_PANC(1.0),10/10/2024 23:00,M,PAS,PAS_CRD,FR,2015-05,2446547,,,,,,,,,
ESTAT:AVIA_PANC(1.0),10/10/2024 23:00,M,PAS,PAS_CRD,FR,2015-06,2594716,,,,,,,,,
ESTAT:AVIA_PANC(1.0),10/10/2024 23:00,M,PAS,PAS_CRD,FR,2015-07,2703031,,,,,,,,,
ESTAT:AVIA_PANC(1.0),10/10/2024 23:00,M,PAS,PAS_CRD,FR,2015-08,2531990,,,,,,,,,
ESTAT:AVIA_PANC(1.0),10/10/2024 23:00,M,PAS,PAS_CRD,FR,2015-09,2407038,,,,,,,,,
ESTAT:AVIA_PANC(1.0),10/10/2024 23:00,M,PAS,PAS_CRD,FR,2015-10,2483056,,,,,,,,,
ESTAT:AVIA_PANC(1.0),10/10/2024 23:00,M,PAS,PAS_CRD,FR,2015-11,2061323,,,,,,,,,
ESTAT:AVIA_PANC(1.0),10/10/2024 23:00,M,PAS,PAS_CRD,FR,2015-12,2258917,,,,,,,,,
ESTAT:AVIA_PANC(1.0),10/10/2024 23:00,M,PAS,PAS_CRD,FR,2016-01,2074250,,,,,,,,,
ESTAT:AVIA_PANC(1.0),10/10/2024 23:00,M,PAS,PAS_CRD,FR,2016-02,2094892,,,,,,,,,
ESTAT:AVIA_PANC(1.0),10/10/2024 23:00,M,PAS,PAS_CRD,FR,2016-03,2282172,,,,,,,,,
ESTAT:AVIA_PANC(1.0),10/10/2024 23:00,M,PAS,PAS_CRD,FR,2016-04,2467190,,,,,,,,,
ESTAT:AVIA_PANC(1.0),10/10/2024 23:00,M,PAS,PAS_CRD,FR,2016-05,2531212,,,,,,,,,
ESTAT:AVIA_PANC(1.0),10/10/2024 23:00,M,PAS,PAS_CRD,FR,2016-06,2630333,,,,,,,,,
ESTAT:AVIA_PANC(1.0),10/10/2024 23:00,M,PAS,PAS_CRD,FR,2016-07,2756897,,,,,,,,,
ESTAT:AVIA_PANC(1.0),10/10/2024 23:00,M,PAS,PAS_CRD,FR,2016-08,2524795,,,,,,,,,
ESTAT:AVIA_PANC(1.0),10/10/2024 23:00,M,PAS,PAS_CRD,FR,2016-09,2467197,,,,,,,,,
ESTAT:AVIA_PANC(1.0),10/10/2024 23:00,M,PAS,PAS_CRD,FR,2016-10,2532424,,,,,,,,,
ESTAT:AVIA_PANC(1.0),10/10/2024 23:00,M,PAS,PAS_CRD,FR,2016-11,2208258,,,,,,,,,
ESTAT:AVIA_PANC(1.0),10/10/2024 23:00,M,PAS,PAS_CRD,FR,2016-12,2398316,,,,,,,,,
ESTAT:AVIA_PANC(1.0),10/10/2024 23:00,M,PAS,PAS_CRD,FR,2017-01,2190450,,,,,,,,,
ESTAT:AVIA_PANC(1.0),10/10/2024 23:00,M,PAS,PAS_CRD,FR,2017-02,2097346,,,,,,,,,
ESTAT:AVIA_PANC(1.0),10/10/2024 23:00,M,PAS,PAS_CRD,FR,2017-03,2353014,,,,,,,,,
ESTAT:AVIA_PANC(1.0),10/10/2024 23:00,M,PAS,PAS_CRD,FR,2017-04,2529702,,,,,,,,,
ESTAT:AVIA_PANC(1.0),10/10/2024 23:00,M,PAS,PAS_CRD,FR,2017-05,2567003,,,,,,,,,
ESTAT:AVIA_PANC(1.0),10/10/2024 23:00,M,PAS,PAS_CRD,FR,2017-06,2781151,,,,,,,,,
ESTAT:AVIA_PANC(1.0),10/10/2024 23:00,M,PAS,PAS_CRD,FR,2017-07,2933012,,,,,,,,,
ESTAT:AVIA_PANC(1.0),10/10/2024 23:00,M,PAS,PAS_CRD,FR,2017-08,2675968,,,,,,,,,
ESTAT:AVIA_PANC(1.0),10/10/2024 23:00,M,PAS,PAS_CRD,FR,2017-09,2572795,,,,,,,,,
ESTAT:AVIA_PANC(1.0),10/10/2024 23:00,M,PAS,PAS_CRD,FR,2017-10,2622463,,,,,,,,,
ESTAT:AVIA_PANC(1.0),10/10/2024 23:00,M,PAS,PAS_CRD,FR,2017-11,2286147,,,,,,,,,
ESTAT:AVIA_PANC(1.0),10/10/2024 23:00,M,PAS,PAS_CRD,FR,2017-12,2414973,,,,,,,,,
ESTAT:AVIA_PANC(1.0),10/10/2024 23:00,M,PAS,PAS_CRD,FR,2018-01,2302505,,,,,,,,,
ESTAT:AVIA_PANC(1.0),10/10/2024 23:00,M,PAS,PAS_CRD,FR,2018-02,2080617,,,,,,,,,
ESTAT:AVIA_PANC(1.0),10/10/2024 23:00,M,PAS,PAS_CRD,FR,2018-03,2432437,,,,,,,,,
ESTAT:AVIA_PANC(1.0),10/10/2024 23:00,M,PAS,PAS_CRD,FR,2018-04,2534073,,,,,,,,,
ESTAT:AVIA_PANC(1.0),10/10/2024 23:00,M,PAS,PAS_CRD,FR,2018-05,2627829,,,,,,,,,
ESTAT:AVIA_PANC(1.0),10/10/2024 23:00,M,PAS,PAS_CRD,FR,2018-06,2863874,,,,,,,,,
ESTAT:AVIA_PANC(1.0),10/10/2024 23:00,M,PAS,PAS_CRD,FR,2018-07,3065231,,,,,,,,,
ESTAT:AVIA_PANC(1.0),10/10/2024 23:00,M,PAS,PAS_CRD,FR,2018-08,2818678,,,,,,,,,
ESTAT:AVIA_PANC(1.0),10/10/2024 23:00,M,PAS,PAS_CRD,FR,2018-09,2687711,,,,,,,,,
ESTAT:AVIA_PANC(1.0),10/10/2024 23:00,M,PAS,PAS_CRD,FR,2018-10,2761325,,,,,,,,,
ESTAT:AVIA_PANC(1.0),10/10/2024 23:00,M,PAS,PAS_CRD,FR,2018-11,2369629,,,,,,,,,
ESTAT:AVIA_PANC(1.0),10/10/2024 23:00,M,PAS,PAS_CRD,FR,2018-12,2491199,,,,,,,,,
ESTAT:AVIA_PANC(1.0),10/10/2024 23:00,M,PAS,PAS_CRD,FR,2019-01,2340563,,,,,,,,,
ESTAT:AVIA_PANC(1.0),10/10/2024 23:00,M,PAS,PAS_CRD,FR,2019-02,2199284,,,,,,,,,
ESTAT:AVIA_PANC(1.0),10/10/2024 23:00,M,PAS,PAS_CRD,FR,2019-03,2581154,,2291839,,,,,,,
ESTAT:AVIA_PANC(1.0),10/10/2024 23:00,M,PAS,PAS_CRD,FR,2019-04,2789817,,2445558,,,,,,,
ESTAT:AVIA_PANC(1.0),10/10/2024 23:00,M,PAS,PAS_CRD,FR,2019-05,2686747,,2358286,,,,,,,
ESTAT:AVIA_PANC(1.0),10/10/2024 23:00,M,PAS,PAS_CRD,FR,2019-06,2961511,,2537378,,,,,,,
ESTAT:AVIA_PANC(1.0),10/10/2024 23:00,M,PAS,PAS_CRD,FR,2019-07,3050693,,2671579,3050693,,,,,,
ESTAT:AVIA_PANC(1.0),10/10/2024 23:00,M,PAS,PAS_CRD,FR,2019-08,2831541,,2415784,2831541,,,,,,
ESTAT:AVIA_PANC(1.0),10/10/2024 23:00,M,PAS,PAS_CRD,FR,2019-09,2659648,,2339769,2659648,,,,,,
ESTAT:AVIA_PANC(1.0),10/10/2024 23:00,M,PAS,PAS_CRD,FR,2019-10,2720341,,2439604,2720341,,,,,,
ESTAT:AVIA_PANC(1.0),10/10/2024 23:00,M,PAS,PAS_CRD,FR,2019-11,2403964,,2142801,2403964,,,,,,
ESTAT:AVIA_PANC(1.0),10/10/2024 23:00,M,PAS,PAS_CRD,FR,2019-12,2489588,,2313210,2489588,,,,,,
ESTAT:AVIA_PANC(1.0),10/10/2024 23:00,M,PAS,PAS_CRD,FR,2020-01,2431737,,2057266,2431737,,,,,,
ESTAT:AVIA_PANC(1.0),10/10/2024 23:00,M,PAS,PAS_CRD,FR,2020-02,2241827,,2018903,2241827,,,,,,
ESTAT:AVIA_PANC(1.0),10/10/2024 23:00,M,PAS,PAS_CRD,FR,2020-03,1171632,,,,,,,,,
ESTAT:AVIA_PANC(1.0),10/10/2024 23:00,M,PAS,PAS_CRD,FR,2020-04,33649,,,,,,,,,
ESTAT:AVIA_PANC(1.0),10/10/2024 23:00,M,PAS,PAS_CRD,FR,2020-05,78857,,,,,,,,,
ESTAT:AVIA_PANC(1.0),10/10/2024 23:00,M,PAS,PAS_CRD,FR,2020-06,431394,,,,,,,,,
ESTAT:AVIA_PANC(1.0),10/10/2024 23:00,M,PAS,PAS_CRD,FR,2020-07,1531796,,,,,,,,,
ESTAT:AVIA_PANC(1.0),10/10/2024 23:00,M,PAS,PAS_CRD,FR,2020-08,1979175,,,,,,,,,
ESTAT:AVIA_PANC(1.0),10/10/2024 23:00,M,PAS,PAS_CRD,FR,2020-09,1545065,,,,,,,,,
ESTAT:AVIA_PANC(1.0),10/10/2024 23:00,M,PAS,PAS_CRD,FR,2020-10,1400295,,,,,,,,,
ESTAT:AVIA_PANC(1.0),10/10/2024 23:00,M,PAS,PAS_CRD,FR,2020-11,430930,,,,,,,,,
ESTAT:AVIA_PANC(1.0),10/10/2024 23:00,M,PAS,PAS_CRD,FR,2020-12,1122216,,,,,,,,,
ESTAT:AVIA_PANC(1.0),10/10/2024 23:00,M,PAS,PAS_CRD,FR,2021-01,1139057,,,,,,,,,
ESTAT:AVIA_PANC(1.0),10/10/2024 23:00,M,PAS,PAS_CRD,FR,2021-02,752437,,,,,,,,,
ESTAT:AVIA_PANC(1.0),10/10/2024 23:00,M,PAS,PAS_CRD,FR,2021-03,691319,,,,,,,,,
ESTAT:AVIA_PANC(1.0),10/10/2024 23:00,M,PAS,PAS_CRD,FR,2021-04,615466,,,,,,,,,
ESTAT:AVIA_PANC(1.0),10/10/2024 23:00,M,PAS,PAS_CRD,FR,2021-05,1121311,,,,,,,,,
ESTAT:AVIA_PANC(1.0),10/10/2024 23:00,M,PAS,PAS_CRD,FR,2021-06,1666185,,,,,,,,,
ESTAT:AVIA_PANC(1.0),10/10/2024 23:00,M,PAS,PAS_CRD,FR,2021-07,2486704,,,,,,,,,
ESTAT:AVIA_PANC(1.0),10/10/2024 23:00,M,PAS,PAS_CRD,FR,2021-08,2457917,,,,,,,,,
ESTAT:AVIA_PANC(1.0),10/10/2024 23:00,M,PAS,PAS_CRD,FR,2021-09,1980829,,,,,,,,,
ESTAT:AVIA_PANC(1.0),10/10/2024 23:00,M,PAS,PAS_CRD,FR,2021-10,2072437,,,,,,,,,
ESTAT:AVIA_PANC(1.0),10/10/2024 23:00,M,PAS,PAS_CRD,FR,2021-11,1913570,,,,,,,,,
ESTAT:AVIA_PANC(1.0),10/10/2024 23:00,M,PAS,PAS_CRD,FR,2021-12,2083842,,,,,,,,,
ESTAT:AVIA_PANC(1.0),10/10/2024 23:00,M,PAS,PAS_CRD,FR,2022-01,1527130,,,,,,,,,
ESTAT:AVIA_PANC(1.0),10/10/2024 23:00,M,PAS,PAS_CRD,FR,2022-02,1648822,,,,,,,,,
ESTAT:AVIA_PANC(1.0),10/10/2024 23:00,M,PAS,PAS_CRD,FR,2022-03,1964112,,,,,,,,,
ESTAT:AVIA_PANC(1.0),10/10/2024 23:00,M,PAS,PAS_CRD,FR,2022-04,2267521,,,,,,,,,
ESTAT:AVIA_PANC(1.0),10/10/2024 23:00,M,PAS,PAS_CRD,FR,2022-05,2457960,,,,,,,,,
ESTAT:AVIA_PANC(1.0),10/10/2024 23:00,M,PAS,PAS_CRD,FR,2022-06,2509532,,,,,,,,,
ESTAT:AVIA_PANC(1.0),10/10/2024 23:00,M,PAS,PAS_CRD,FR,2022-07,2737184,,,,,,,,,
ESTAT:AVIA_PANC(1.0),10/10/2024 23:00,M,PAS,PAS_CRD,FR,2022-08,2649487,,,,,,,,,
ESTAT:AVIA_PANC(1.0),10/10/2024 23:00,M,PAS,PAS_CRD,FR,2022-09,2243128,,,,,,,,,
ESTAT:AVIA_PANC(1.0),10/10/2024 23:00,M,PAS,PAS_CRD,FR,2022-10,2324862,,,,,,,,,
ESTAT:AVIA_PANC(1.0),10/10/2024 23:00,M,PAS,PAS_CRD,FR,2022-11,1941834,,,,,,,,,
ESTAT:AVIA_PANC(1.0),10/10/2024 23:00,M,PAS,PAS_CRD,FR,2022-12,2232100,,,,,,,,,
ESTAT:AVIA_PANC(1.0),10/10/2024 23:00,M,PAS,PAS_CRD,FR,2023-01,1897440,,,,,,,,,
ESTAT:AVIA_PANC(1.0),10/10/2024 23:00,M,PAS,PAS_CRD,FR,2023-02,1848313,,,,,,,,,
ESTAT:AVIA_PANC(1.0),10/10/2024 23:00,M,PAS,PAS_CRD,FR,2023-03,1850234,,,,,,,,,
ESTAT:AVIA_PANC(1.0),10/10/2024 23:00,M,PAS,PAS_CRD,FR,2023-04,2213041,,,,,,,,,
ESTAT:AVIA_PANC(1.0),10/10/2024 23:00,M,PAS,PAS_CRD,FR,2023-05,2376864,,,,,,,,,
ESTAT:AVIA_PANC(1.0),10/10/2024 23:00,M,PAS,PAS_CRD,FR,2023-06,2415856,,,,,,,,,
ESTAT:AVIA_PANC(1.0),10/10/2024 23:00,M,PAS,PAS_CRD,FR,2023-07,2569125,,,,,,,,,
ESTAT:AVIA_PANC(1.0),10/10/2024 23:00,M,PAS,PAS_CRD,FR,2023-08,2500312,,,,,,,,,
ESTAT:AVIA_PANC(1.0),10/10/2024 23:00,M,PAS,PAS_CRD,FR,2023-09,2278492,,,,,,2376864,2267371,,0.046066161
ESTAT:AVIA_PANC(1.0),10/10/2024 23:00,M,PAS,PAS_CRD,FR,2023-10,2268845,,,,,,2415856,2264263,,0.062749187
ESTAT:AVIA_PANC(1.0),10/10/2024 23:00,M,PAS,PAS_CRD,FR,2023-11,1875907,,,,,,,,,
ESTAT:AVIA_PANC(1.0),10/10/2024 23:00,M,PAS,PAS_CRD,FR,2023-12,2104384,,,,,,,,,
ESTAT:AVIA_PANC(1.0),10/10/2024 23:00,M,PAS,PAS_CRD,FR,2024-01,1813296,,,,,,,,,
ESTAT:AVIA_PANC(1.0),10/10/2024 23:00,M,PAS,PAS_CRD,FR,2024-02,1763513,,,,,,,,,
ESTAT:AVIA_PANC(1.0),10/10/2024 23:00,M,PAS,PAS_CRD,FR,2024-03,1975550,,,,,,,,,
ESTAT:AVIA_PANC(1.0),10/10/2024 23:00,M,PAS,PAS_CRD,FR,2024-04,2117657,,,,,,,,,
ESTAT:AVIA_PANC(1.0),10/10/2024 23:00,M,PAS,PAS_CRD,FR,2024-05,2267371,,,,,,,,,
ESTAT:AVIA_PANC(1.0),10/10/2024 23:00,M,PAS,PAS_CRD,FR,2024-06,2264263,,,,,,,,,
